Atom,vx [A/ps],vy [A/ps],vz [A/ps],x [A],y [A],z [A]
1,0.380847632,-2.889808972,-2.932516715,15.89404367,14.80187048,7.715615418
2,0.637568954,2.366656271,-2.783400977,51.57930105,53.62481079,14.78234325
3,-2.598195267,-1.424287026,4.055913858,8.100087628,49.61134489,10.58841696
4,-2.846137762,0.246431248,-0.11440718,2.202842582,3.548872616,31.93262048
5,-0.662050961,2.135614811,-0.157398397,7.16342581,47.5527333,20.85850764
6,4.854982981,-2.840403246,-0.34890761,10.29048189,6.369467054,30.03882568
7,5.83914121,-1.389539772,-2.786093384,44.73356153,2.652578256,26.86474307
8,-4.35047093,-2.714464641,-1.460842044,30.10957235,9.259441524,51.26576588
9,-0.217767739,1.343204587,-6.047398336,40.02863946,20.97183228,33.48859935
10,2.310942253,-2.88814082,-3.762995191,45.12145053,41.75655576,16.68656122
11,4.575022337,-0.968235077,-1.772006613,35.15562191,26.52288613,49.2170303
12,3.855725668,-1.987258948,-1.899302855,38.69718518,46.18390625,35.93342802
13,-3.174056398,3.200344259,-1.509910864,50.36453961,21.14264819,6.521998864
14,-2.783130868,-0.229069448,3.87965975,43.09929872,33.22380764,49.40419535
15,2.800705751,1.236364295,2.710086839,18.87876511,52.38915992,32.06234142
16,-0.439814714,-2.994273337,4.418842455,16.04568351,2.211674246,47.8678111
17,-4.691188592,5.386650534,2.816130021,9.668363639,25.59995857,35.08513973
18,3.75149406,-2.232575494,-2.912074963,52.43329083,5.297158311,7.986463818
19,2.432791139,-0.8633464,-0.93771448,17.84512769,15.35359093,43.84974051
20,0.725826057,1.196583326,-3.18262582,28.39951832,40.26474593,15.25711077
21,3.234612111,0.422340986,0.692957101,27.72724788,10.76789381,12.72287897
22,-2.056194102,3.318351027,1.658347345,38.19849185,11.76481225,10.11983496
23,-3.560166624,-2.140761488,1.756932083,35.71968595,50.03064455,35.34350894
24,0.869895685,1.627902012,-0.597976187,7.901066442,22.39867206,15.07005596
25,2.863185385,-3.982198926,1.087165497,49.02918839,1.256424079,24.14271017
26,1.223786534,-2.008405752,-5.933727681,37.80750857,48.6243956,24.26149432
27,1.72371933,2.726424855,-0.401150119,26.31394591,45.85931163,8.357494242
28,-1.614375467,2.159768017,-0.028981533,28.81465214,49.80897358,8.145124494
29,-2.080264885,3.110180065,-3.031037932,52.48611213,24.2570695,8.107111413
30,-2.780529117,-0.891344685,3.628901731,29.86819863,6.955379096,42.79097797
31,3.52027809,3.930229327,-1.127892071,23.18287626,6.941612519,35.09761688
32,0.284889673,1.364607124,0.557776614,49.16886044,6.726572935,44.11184905
33,-0.276649585,-1.337887638,0.606243832,18.31425142,20.76396779,9.133164947
34,0.836749138,1.21583688,-2.152475208,45.35442401,33.17288531,1.487136514
35,-5.138761486,-1.666302976,0.228192627,31.47530015,29.0298261,40.73780828
36,3.651324893,0.781392675,-1.158813181,42.28127001,50.60134598,34.7462227
37,-1.191341956,0.052592831,5.006980677,18.93348586,40.11375071,32.38824084
38,-2.454155377,-0.99854391,1.181163731,32.63981533,2.723521422,31.11281137
39,2.325720515,1.155189335,-0.747358229,17.94251703,21.98581467,48.97721672
40,1.355339833,0.27273964,-0.110329559,5.474268911,18.57876019,23.90842063
41,3.259279435,2.19994981,-0.846924337,39.23818112,1.469675605,35.10025272
42,-1.840530295,0.397133566,-1.180813536,46.84404609,48.00649952,15.53199684
43,0.105098622,0.99031307,-3.612725442,51.56803078,53.46149983,49.44564984
44,-4.285177228,-1.117144969,1.507830885,14.53244209,12.5047678,14.30485083
45,0.233438483,1.133264972,0.696000682,45.98106619,49.77257519,29.55658864
46,-2.903078579,4.325716639,1.409864563,28.98361297,48.49628611,46.3177896
47,-2.827824958,-1.371761,1.02529509,8.449266579,29.27796947,16.56238178
48,-2.222209957,-2.548861651,0.187576791,20.93916461,25.63390024,25.72133747
49,-0.58808465,0.136848431,-2.789798031,33.30549468,40.00570182,41.29536611
50,0.434949617,-1.364786519,1.538159386,4.88336955,26.98752346,37.15870407
51,-2.270903753,-0.498225956,-2.996030614,27.55979277,23.07717588,45.30059861
52,0.614120128,3.673953805,0.671111149,12.84712712,21.4401087,37.05386958
53,1.346472507,-3.461677569,1.271740939,5.491360967,43.81856731,24.11911375
54,-0.925428687,-3.160828417,-3.455549099,10.32730146,46.49062959,44.31609552
55,-1.638652553,-0.50049168,1.528131245,10.65049555,33.08914797,36.68786126
56,2.398038306,1.389562517,1.503069691,10.47484359,9.418552179,48.83564628
57,-1.77366944,3.033595577,0.924420602,30.86088921,41.16995316,53.25679794
58,-1.71950286,-1.682835962,2.065362347,9.110371029,49.32575334,55.20193635
59,0.891878497,-2.456365456,3.986645641,30.10042833,47.19874578,50.98073248
60,-1.431621444,4.875963902,-1.363131951,39.89491195,21.05241805,2.007916184
61,0.369226627,-2.228029298,2.618494374,21.50321983,24.83995681,39.41355081
62,-0.105264064,1.594672155,0.914161648,1.731608881,53.86790712,27.33589786
63,0.027394905,-1.340481461,-0.00873958,35.07387742,21.07850944,33.813587
64,-8.783357578,-2.342440492,-1.393703298,15.04529403,10.09022694,22.40273041
65,-2.492695564,0.846009036,-1.245235454,1.993192199,31.89542987,21.55034688
66,-5.054533785,1.189288262,-0.02226223,14.18843907,27.93443286,34.35959331
67,1.322405679,0.953683494,-4.773524246,10.63900946,19.66305378,23.13289383
68,-0.750881286,2.334997188,0.997253106,33.42152895,0.86403111,28.62327215
69,-1.431076142,4.340760375,-1.313022379,25.56808223,34.17818882,45.19168773
70,-5.13561883,-3.317916018,-2.74158282,11.82737345,47.06697751,4.122143762
71,2.98877913,-2.874447785,2.720208737,42.94273669,1.596984213,28.9090873
72,-4.366006461,2.684136078,-0.675313027,3.439094129,17.05255477,8.297130066
73,2.86672873,5.783815444,0.618658317,15.55789808,53.47786153,1.077541819
74,1.255628333,1.182768187,4.165447513,6.565971828,33.26103924,47.08800587
75,1.010482493,-2.892597012,-6.67394315,0.156663467,39.57405078,27.67869319
76,-4.194994884,3.79350978,3.620487383,8.989218127,31.45168457,29.10915862
77,0.681147875,-5.015474402,2.580185429,23.67298005,52.06840966,41.45493641
78,6.079165448,-3.731704664,-4.477682348,30.6980052,29.91609069,18.6734808
79,2.80658028,0.773728211,6.66904421,46.88313134,12.49968394,14.94953909
80,1.039791412,-3.053910571,-0.328170507,10.5469022,26.34542293,46.28106559
81,0.529896754,3.178405452,2.588814069,12.37983398,14.21579639,4.215529913
82,5.085646656,-0.839092704,1.502290032,1.30825073,34.42894096,27.69422278
83,-3.803616586,1.63899359,-0.514795769,33.06836295,50.10318745,28.13032119
84,-1.502535877,0.934532632,-2.838004074,33.78869941,44.46563425,53.01632439
85,-1.005420438,-1.060502888,1.992108055,26.88514374,39.8382185,12.16656553
86,2.118971261,-3.957632836,0.186841366,24.50077172,33.18006045,24.63847625
87,-1.211661127,-1.05574628,-7.239843332,51.30318883,3.31560529,13.48511776
88,-0.044819619,2.47260537,-5.462146528,6.85980893,51.11523461,44.7442847
89,-1.60483995,-2.657565805,0.34275471,48.05305638,28.16951505,11.08420991
90,-3.203679214,0.787569903,-1.417063864,27.43839987,42.2947227,25.575224
91,-2.974898376,-0.869918482,1.699863152,38.18559225,52.90220146,22.629472
92,-1.425110995,-3.033505547,6.670750722,2.498348077,28.31809889,24.04786719
93,1.159697931,-2.821294356,-3.302531044,35.4302283,34.71406947,51.90965885
94,5.099238108,1.324459855,-0.15990602,19.32699507,3.684089224,39.94100619
95,0.222964672,-1.667401129,3.735844305,11.53385891,25.56843489,8.494938256
96,2.271424044,-1.373580506,-1.513735648,30.32747452,40.85846555,18.80453244
97,5.885986911,-4.536043648,0.331131036,2.746108927,9.277246593,8.750949003
98,3.796683202,-0.209419659,-3.655498968,32.29936992,24.57296097,25.42125204
99,0.520197099,-0.332201749,-6.742074474,8.012868617,0.227961025,13.43252961
100,-1.476492668,1.858073477,-3.736600015,17.47705129,48.26102505,6.262149153
101,0.278927438,-0.45313767,-1.36449867,16.85896438,36.44296494,28.21399249
102,5.130959096,2.568137322,0.682701986,39.54432954,2.433053762,24.63833031
103,1.876591123,-2.456802889,-3.015351626,25.41609968,5.606613621,27.45239805
104,0.004594332,7.210429821,2.409331182,48.71610924,41.36191624,30.81073713
105,0.409951667,0.328216948,-4.9874239,28.48894414,19.72907013,14.70760426
106,2.874308021,5.088242689,4.640643667,28.2482728,34.04884172,25.47129402
107,-4.427404747,6.217205116,-2.301837067,43.36638477,3.153502554,53.82412439
108,1.307821817,-4.492610954,1.29101769,39.41172685,3.168629593,50.73225897
109,3.086718704,3.262585006,5.33595881,20.44824763,51.53826458,13.61963647
110,-0.891218869,0.913773522,8.989552705,22.10894807,44.63506267,3.723458016
111,-1.120042044,4.396617621,2.876811522,38.63407155,24.48256514,25.83957115
112,-0.852689578,0.336414679,0.23397857,52.90749162,1.874222006,8.381712641
113,-2.124855616,-1.468512588,1.135196567,14.71177895,44.63491934,15.40176475
114,6.762803479,-1.399673027,-5.526759996,6.183626776,21.3072436,18.03742918
115,-6.186444103,2.034255508,-1.915995037,0.703421812,52.82262242,32.77582303
116,-0.714102717,-2.717626964,-1.436925375,10.42073066,36.50938836,20.05319841
117,-2.25540602,1.535022573,1.847019362,37.10518656,21.64826175,48.55634463
118,2.047585086,-1.017408648,-3.719864452,31.39661682,10.60902531,13.86188427
119,1.252390956,2.07848661,2.625294892,45.32295422,44.31298788,42.95596355
120,-3.791084919,7.572516349,-2.421799091,35.99223363,9.105497575,30.35244451
121,-1.356854084,-0.142364266,-1.668724258,1.011848388,51.90066125,11.7485108
122,-0.788376862,0.383092901,-3.24329974,7.704780992,41.99997115,35.13009447
123,4.184407591,-3.586972437,-0.621420431,43.23766465,46.89138422,44.72125851
124,-1.535883076,2.765919387,0.287228417,9.199383506,54.77510415,44.3996537
125,-2.22333548,1.016435876,3.512491527,1.499346668,7.344187421,31.92767921
126,-2.087952445,-3.753757399,-2.472149041,48.2384148,14.0112899,44.6021098
127,-3.440787874,2.486473826,-1.11825955,34.32159411,36.96057419,37.38458312
128,-1.543964527,0.028755166,-1.543737868,47.33649225,53.40942542,2.318908643
129,-0.619541233,-2.174452162,-4.227843049,55.56650175,10.54506489,55.97769417
130,-0.974297807,-0.629618528,4.503022824,35.46171123,21.06031312,37.60279569
131,3.50808457,-0.260428539,-3.28593516,38.20758606,32.99425446,36.20421775
132,-2.532721714,-8.135946204,0.081350344,4.709645149,39.02668419,12.13266782
133,-1.03286442,-3.506049614,5.869726558,28.49217859,19.9743917,7.005432713
134,-1.581913459,-0.032121451,0.790932383,26.44420795,13.17495248,26.164965
135,4.219235799,-1.460275402,-1.212065322,49.80614151,4.736658278,52.32505625
136,-4.73466216,-0.021369971,2.36647941,18.91018545,37.7893105,37.85877834
137,-3.945899037,-6.919630054,2.625268306,46.03216452,30.66435101,0.160224173
138,-0.22845605,-2.269105003,2.066043977,48.23219191,14.91302442,6.244731409
139,-1.255348042,2.592631145,-0.495668001,3.451807013,11.04183164,23.92009436
140,-0.594138224,-2.257805045,-1.732451308,17.0911385,16.64713869,21.3087936
141,-1.280006826,-0.447176195,-1.39994024,52.93114897,10.29264115,3.578602824
142,-1.109317023,-1.637588727,0.495134998,1.419097364,17.21909373,14.9548196
143,-4.61661354,-0.11861348,0.481395292,52.01378626,33.72693301,37.58858769
144,-1.953978354,0.113887497,-1.791119066,11.95676228,5.406795384,39.30641903
145,1.351757313,-2.606506431,-5.104145495,41.07717498,24.84591804,32.84294257
146,-4.444132914,-1.178839849,1.054895682,17.59545766,35.29991902,13.07903076
147,-1.848400571,-2.248972316,-7.28056479,23.46066074,11.84380044,46.67136718
148,-1.876927771,3.151197439,-2.607642278,17.99072045,50.69609337,49.36441549
149,0.701058158,-0.67470545,-2.071557972,26.11362359,30.52463061,39.24512432
150,0.080742626,3.225461303,-0.911920664,42.22745607,47.74467964,8.696552614
151,0.986858996,-3.961893043,0.973111096,21.77649975,35.72420219,4.380412665
152,-4.079570133,3.35097627,-3.199746877,10.84434311,19.1303006,10.48667285
153,2.699899156,-2.365120643,-4.475031372,17.29021967,39.39024909,26.44206237
154,2.336595233,-1.641439821,-0.312078381,43.57105312,16.04453995,2.898244126
155,4.645700219,6.751812316,-2.239107536,49.07062756,54.49636407,55.05389331
156,-2.55658083,2.000337743,1.265163922,21.66561979,31.72700683,28.2437561
157,2.455609479,-0.893982265,-0.714989935,16.42592454,23.39362847,25.15180795
158,0.595946624,-0.52148064,0.76978511,54.20103486,43.72993732,34.33474697
159,2.432401765,-2.49332032,1.623295747,15.13161713,42.75407699,1.035565716
160,1.154596548,3.472537454,2.246414214,38.69416488,46.40131796,33.40471216
161,-0.923050917,-0.163290996,-3.034855435,53.99870041,46.6251451,33.48306522
162,-3.443521531,-3.158189823,-0.147727975,26.65834652,55.28655336,40.46021513
163,-4.808171805,0.324550264,-2.492371024,31.17600889,43.06877759,26.85510685
164,-2.363551119,-0.776267704,-1.31195473,41.85274557,42.14529218,32.58119038
165,-1.891376914,2.17690273,-0.376802983,6.733325144,5.126092911,24.20763882
166,0.921267817,2.872327208,4.032288012,22.5922561,48.62966611,6.288288987
167,-3.481105825,3.144522811,1.187084843,24.7444502,19.75704041,16.85368145
168,-3.749460606,0.554315145,0.928046482,48.01910064,43.47827425,3.834497156
169,0.975097055,-2.111306308,3.489193275,42.47656495,49.98269641,53.14641594
170,7.42670568,0.255043455,1.936201471,1.696335056,5.177662989,15.67647803
171,-1.300195574,3.406237429,6.696475966,9.064239805,25.74779799,1.186804421
172,-0.420229086,1.0312061,2.202271259,38.8011623,13.06612277,50.46417391
173,-2.277832065,0.375971424,-6.010757776,20.28708753,0.43844227,41.8193975
174,-1.256557033,1.326758008,0.06315293,10.85510328,44.2823447,14.52708538
175,3.497565213,-6.208213196,-4.339052499,21.13211293,18.10311795,2.925837103
176,1.985399645,2.984725566,0.955965762,24.83708069,52.39775976,5.871480513
177,-0.33300625,3.463348549,2.82287195,16.28414827,42.63384661,41.36280242
178,-0.130762217,-4.990206915,0.582543904,21.80062619,31.70994024,39.71367195
179,-0.622107992,2.58920697,-2.276920697,12.6274413,3.486530602,50.10693127
180,0.291248598,-1.484509291,5.45774149,21.1409134,34.36723084,40.72344198
181,-3.921263926,-3.405950947,0.957971368,15.10547407,20.83341921,30.6686511
182,-3.03081368,1.030313701,2.349159544,36.07759001,41.64472922,47.41550295
183,-0.303178996,1.967829494,2.113354305,49.04763782,13.02692975,29.56891196
184,0.689071016,0.861434767,-2.906915089,6.481800984,23.58502278,35.82868635
185,-0.138550241,-0.764558009,-1.175360168,5.861585679,4.482110826,39.85277947
186,0.507944851,-4.626315506,-3.264364337,14.09032412,41.61798753,17.10790712
187,-6.691761699,-3.091424475,-3.24197784,54.4123836,8.808609833,38.02919026
188,3.357901718,-0.897850333,-0.826364811,46.79692012,34.50003676,18.43599031
189,-5.61424886,-3.52870978,-0.713366348,36.2461427,36.12241725,35.73979412
190,-1.993816656,1.332405622,-1.732294733,18.02017406,3.728232993,33.65263973
191,3.909313228,-0.528418122,2.742238323,15.39016999,7.602839092,8.632724706
192,-4.722325365,-0.675628395,-3.38099051,24.7540033,10.08511279,21.74040373
193,4.172426775,-1.221441676,-1.999173676,44.53198562,14.87457238,36.23545731
194,3.718515443,-1.748826675,-3.522219619,38.9268814,3.560967543,11.45404302
195,3.414459628,5.615866687,4.943024666,29.33595485,35.37971488,43.92648778
196,3.296595533,2.061426935,2.578838123,43.86161889,50.10660016,45.34691017
197,-4.114660297,0.564735365,2.87861327,15.70129383,7.831704521,18.32584376
198,3.204977701,-2.674722041,1.387573458,44.65269471,31.96085396,14.87316734
199,0.401709213,3.596444297,-1.834152558,30.98501275,16.95442979,49.40552662
200,-0.274142183,-3.786004804,-0.304881785,43.18340988,6.618411541,25.68457792
201,4.451777896,-2.649722824,2.25017973,13.11043075,41.84320996,10.26895869
202,5.761013105,-2.414409808,-1.45779377,31.13595234,44.82563703,19.32698149
203,-4.083200841,-0.179651034,-1.525787406,25.97684083,24.8725844,20.57174822
204,-3.438119426,2.158599666,0.581534433,30.87732741,28.07883493,52.67265484
205,-4.764918823,-0.585794058,-4.009316186,54.85957022,46.44412317,1.01844719
206,0.529828961,-0.55439229,0.877800014,0.376179705,43.49088855,8.086242597
207,-3.320613327,0.640903572,2.403213983,53.42095972,23.98019492,41.94883445
208,1.61129265,-4.728184277,-1.455347386,20.01908626,4.116464987,13.51761591
209,4.805607931,0.822471079,1.707380493,51.37430849,17.66634856,13.40963797
210,-1.459239392,-0.039217262,-1.34466515,22.13288363,3.894036503,20.9007716
211,0.770811859,0.0065817,-2.06595271,45.70075822,52.24415404,49.25790363
212,0.566182797,-2.987397769,0.09549673,21.66729003,18.98929525,13.2171747
213,-1.907524016,2.52121453,1.556476275,16.04674134,26.66157658,6.099235311
214,8.854303733,-1.066342057,0.133660607,28.40793265,21.16079577,29.81978518
215,-2.625498579,1.503051883,1.393386595,53.86720902,28.79702615,3.881807694
216,-2.866240074,1.059730547,-1.853095362,53.93197862,41.89594885,45.2788602
217,-0.222974572,1.630563277,-0.900235251,28.4311711,55.46071513,8.803795501
218,-2.793147766,2.800963588,0.256842752,38.35829878,19.64205036,20.50871457
219,3.659956178,-4.46287328,4.77449507,41.95614267,27.56138931,43.35491141
220,-3.198460439,0.300537004,-0.142880952,35.33080527,40.66840866,25.92290199
221,3.9613079,0.887961932,-0.277102939,9.386245224,50.37075166,47.32111247
222,4.746870988,-0.294300651,-1.752583258,3.896753487,52.4723709,7.870511681
223,0.675202875,1.597364873,-2.228099505,31.10567804,8.933141425,39.44500992
224,-3.492430196,0.105808572,0.716222079,31.40869623,44.57226995,47.8561066
225,-2.548291236,2.219421091,-3.801811447,22.68733909,43.90910126,40.99274128
226,-1.746427733,1.668403752,2.571737248,31.2177177,2.475879898,22.85699109
227,1.112497765,-3.183037206,-0.875595033,47.90114219,43.60485919,8.87636615
228,-2.180930325,1.084352459,3.38198136,27.98143869,40.42533458,22.60899977
229,-3.625456822,-1.850223471,-1.231419876,21.2439059,33.51107676,35.25161175
230,2.515836674,-1.443781603,-4.873619861,31.64661451,44.90413944,23.34510281
231,0.36836464,-1.711532575,-6.346110283,2.50766276,5.043553271,50.82443098
232,0.334736571,4.081426093,-1.72713813,40.03727177,16.54754667,34.51433999
233,2.012444517,0.753126511,-1.678307244,49.15353899,51.69001345,8.908830341
234,-0.043456914,-2.755332724,-3.976100904,5.855192188,13.5576702,52.42116987
235,0.356264927,2.062260693,0.607058814,19.52729331,32.68004469,24.99632169
236,-0.419962545,-0.15072941,-0.977970895,32.61759274,7.544564455,38.44410893
237,-0.667410926,0.998498886,0.598455352,41.28023342,40.65780249,30.84169861
238,3.419133673,1.150318625,-0.046641904,50.0121211,25.96177873,1.51096555
239,2.194525192,-2.409267163,0.667890256,20.2719063,25.0537249,35.26938684
240,2.014738512,-2.94811699,1.097757905,13.51085333,6.417941036,25.57804132
241,-2.587917315,0.534827721,-6.235298037,11.58582196,50.06659268,19.17158787
242,2.614393091,-1.316662044,1.445485608,40.8249936,42.4118129,23.1288523
243,-0.855523009,-3.448636629,0.630669385,16.13727733,18.8029326,34.97186056
244,5.891309194,0.813249734,2.105436307,1.921334613,19.52677684,36.97125948
245,-2.654785845,0.971357976,3.932237885,6.671729221,33.51603061,25.44684901
246,2.735702484,-3.732359727,-2.327521129,49.42334909,23.39770223,49.16386763
247,-1.84640761,2.459206693,-0.019757292,11.11018419,40.26030469,53.51411993
248,3.247616155,-1.549904891,1.229580836,29.80602817,29.0120367,2.25384443
249,1.546338174,-4.129259625,2.483073072,32.55750124,10.41322471,43.1527235
250,3.586949911,-0.38412323,-0.581131983,44.85097274,31.96438875,31.88815181
251,3.609310161,1.346603512,-1.019171258,6.695316564,52.27049233,54.07896686
252,-1.39853803,2.430864391,-5.854387984,7.989332914,5.313725486,5.158278269
253,-1.973025658,1.894008343,1.417535201,0.346068263,9.79073314,49.87859383
254,1.182236237,-2.210548102,3.026652607,4.937855167,40.57905542,15.24155708
255,7.451679766,0.618033991,1.154404071,24.21963471,31.20098208,14.50495991
256,-1.156818564,-1.88062781,-0.231078652,29.14861146,38.09438708,30.29207953
257,-4.624530241,6.535780584,3.843686218,4.371578735,1.454514597,45.42347009
258,0.663571518,-5.043209148,2.476119505,0.07595231,1.437529668,47.85327962
259,5.871010893,0.522973429,-1.301976773,51.08440282,41.92161242,23.78178062
260,1.711811266,0.096295663,-2.302666739,9.636447089,43.38394912,7.103740341
261,-2.441113745,-0.614089086,-0.730058555,13.6933588,9.255132216,45.92137947
262,1.460880291,2.647421603,-3.901075238,26.078457,3.881997551,10.57980206
263,-0.631272685,-0.715485945,0.754701746,13.39416061,52.86974375,53.8563961
264,2.301155115,-3.308663259,-1.19254416,45.96558585,49.30525967,43.23893127
265,-2.388061299,-2.394735214,-5.800900269,45.90628382,24.92899543,9.234742357
266,5.586279247,0.074968892,5.192650155,27.85730408,35.71197665,0.481626929
267,-1.651984952,-3.662802638,-3.456589546,48.34518371,5.077126558,42.29220087
268,1.081770761,-4.321340212,-1.679112789,1.378830261,40.48389817,16.49190557
269,-2.938508237,6.546009078,5.414955697,28.91883912,15.55290621,1.39746133
270,0.614480545,-0.051881477,0.859272004,40.47099283,14.0479366,30.82392305
271,-4.399106451,-1.243695063,-3.611089961,22.41811876,8.819137163,2.794141275
272,-7.354258267,-2.740318878,0.211487431,20.58789885,29.68880188,17.85560977
273,-2.297983017,-3.67438212,-1.287467644,28.33963666,7.331649965,0.181901739
274,5.565957688,-1.917447417,3.962258993,15.77645755,20.76569583,2.990255416
275,1.11675422,-1.852584663,2.607626323,27.55064933,23.85617554,29.95389098
276,-2.014158745,3.337450515,-1.823424542,30.35085987,25.95764283,29.06697186
277,-0.781624351,1.589584784,0.651956487,15.76682083,52.00611787,38.05174536
278,0.806879023,1.380599768,-4.88383568,39.82726284,37.69250123,27.55141071
279,-1.349263661,3.168557746,2.768390868,34.60114784,5.628132945,11.0561398
280,-1.289231802,1.534507091,-0.580205451,42.58086727,10.74265048,43.55742679
281,-1.240984336,-4.516974891,1.710001869,47.51958864,21.20809717,0.900475695
282,-0.164400466,-0.651958119,-3.260242948,45.23268555,48.49240126,30.66945939
283,2.77533528,2.737785351,-2.066737323,2.478877493,4.190432966,11.05060045
284,-1.424681486,2.916831859,-0.641284962,8.632023182,33.46173792,14.66568885
285,-0.387789988,-2.118377145,1.268762691,0.580904396,6.870020735,3.996524275
286,-4.952989056,0.88475761,-2.806540902,39.67804933,28.80781837,40.28529903
287,-4.350140552,-4.907555596,6.651036059,21.07092992,2.28271244,0.897754116
288,2.006088694,-2.268046584,0.860674164,19.9416691,31.99302305,44.96929061
289,-4.854375401,4.212574113,1.728007046,2.180342209,8.866725769,25.7168041
290,-4.420255496,-0.381815683,4.314363288,13.09974547,51.49291057,20.70202052
291,1.624668583,-2.806015838,-3.563113087,14.33325739,13.04269507,1.943753312
292,1.443971308,-1.765017915,4.179965723,44.19327669,34.73507128,30.33928411
293,-4.252945907,-4.101408899,0.704941383,46.82851047,1.980885193,17.10268711
294,-0.970881645,1.299699055,5.320226032,42.25482755,7.583989747,15.49993972
295,-2.029043039,-6.97496072,5.271906003,43.73686317,31.1773832,10.46297797
296,0.472353026,8.297670994,-3.933139748,45.37467728,44.48107513,38.26354197
297,0.945081536,6.519737072,0.342110141,48.3879333,2.507275429,29.39003379
298,2.411660245,0.767215457,-0.939755704,1.574597164,20.42275615,49.56400632
299,5.499519838,1.313050002,3.868662114,29.3992051,34.12803975,36.6974674
300,-2.102258271,0.206829776,1.204892077,20.42397632,16.69836678,30.06107724
301,0.79894129,3.637888636,0.173802608,49.1841465,44.93061235,18.44770392
302,1.614981791,-0.340851233,-2.031576328,36.52660153,17.35812258,0.689219804
303,-2.544696386,4.838864726,1.087955984,12.77513542,54.15675276,5.32850622
304,0.032414479,-1.119821237,3.389290996,48.09949181,26.23218698,51.99610953
305,1.65446082,-0.629890075,-0.376029004,41.69689408,29.29771722,16.15185849
306,0.184696992,-0.021058647,-3.717821706,45.02606683,50.07232568,49.00503736
307,-0.587497362,-0.676245505,-1.929066727,0.169627637,34.51380697,31.49285359
308,-1.145155703,-0.144156136,-5.740234295,37.9446823,44.09721213,0.321463218
309,-3.461102441,2.467485259,1.586314636,6.093514855,18.32966683,29.98349531
310,-0.406310688,1.647516726,3.421443411,17.66287726,29.52840736,4.87480981
311,-5.569222121,-5.827148432,5.595399712,50.85228593,46.55492593,11.36730821
312,-1.822537862,2.469316219,-3.272672415,28.034001,27.822084,4.668185424
313,-1.805185829,0.52600335,-0.878649591,54.38005139,29.91198618,48.30777963
314,-2.008262028,-0.017419053,-0.348107023,41.78076571,31.92634035,30.10398483
315,-1.312218731,-2.43057247,-0.432644814,45.59991456,8.805826428,32.57014944
316,1.5211417,-0.703857321,3.491390252,20.73043549,28.31633174,38.08243961
317,-1.867347171,-1.534835943,1.965568086,43.15028212,27.12471428,52.87647797
318,-7.112803483,-1.214943564,-2.467282951,28.80583012,49.03341349,25.15361457
319,-1.575753865,3.399434247,-3.065587797,37.64205854,11.38031625,28.39737298
320,-2.190812037,-1.642386855,-0.666013048,32.97911035,34.43011744,22.46226743
321,2.762328371,3.971531635,-0.388496422,52.94702568,12.46029385,47.53496238
322,-1.857567885,3.565646384,3.859772524,28.26592525,31.18884767,49.46208344
323,-0.403427563,-2.959249293,-3.994677618,20.93146924,21.01943173,36.46190487
324,1.458487575,4.924284934,-0.038287283,22.47233658,9.815271746,36.92746841
325,1.732922869,-1.727481172,1.018149527,38.26379544,1.576742903,21.67398411
326,6.390239644,-2.293781618,1.072736226,9.344990998,3.7771085,13.41181131
327,1.232415321,-0.942284689,-0.288349967,29.26809396,45.22046491,4.634368152
328,4.408362924,-3.875764063,2.117169479,39.73024315,27.80165155,51.43008649
329,3.099796245,3.516443171,4.512446011,51.89561912,45.44974137,25.48911867
330,-1.849483775,8.265006208,-0.990055874,17.41294828,30.79722997,14.73001473
331,-4.53395209,-0.130220065,4.006862713,25.97284769,33.64844263,36.06659487
332,5.24610686,0.160634781,-3.426373972,40.94821561,45.44686732,43.68381407
333,0.586255535,-4.986104291,3.089386224,6.143125472,48.50430473,6.241248139
334,-4.959608533,1.280711046,1.049285468,39.3943284,8.552869622,21.6221449
335,-5.355886617,-3.962876409,3.232542928,35.34604291,5.338071977,52.88779177
336,3.001502409,3.050671085,0.035582903,45.28146636,19.80633608,0.730689088
337,-0.72382839,0.402590334,-2.209245402,21.9744681,14.61027458,14.41596552
338,-1.071794461,3.119355286,-4.277770803,4.951888036,2.48328418,14.22572635
339,-2.850159645,2.189523166,-2.269531368,21.07579607,48.42298177,2.688405759
340,1.012623397,-1.5749114,-1.482672978,49.20159492,40.40291147,37.38526634
341,3.18696814,-2.279643118,2.909659576,31.23188951,20.50752307,52.87287422
342,-0.903712506,4.00577149,0.798102622,33.44169662,47.08595098,25.06441266
343,0.487796336,1.549852706,-2.158265939,12.63512291,13.85340774,29.31529736
344,1.99492653,-3.459640374,-0.569801472,35.04830589,51.83825844,20.56364248
345,3.109429394,-2.522300135,-0.774350817,13.35336743,38.29492734,31.38032552
346,1.229064712,1.851217121,-3.667200143,35.96277953,49.0839671,11.10871905
347,1.634725462,1.61334238,-1.580049726,44.56314559,17.13232738,44.07518626
348,3.36114029,0.606968147,0.731543198,27.74723027,12.18718912,35.42291371
349,1.864219086,-2.040590463,3.0770447,23.43236372,27.70911364,9.131474692
350,-1.729892826,0.128064687,2.345163049,8.244000955,34.58563561,49.48065596
351,4.41649139,0.641748625,5.548184845,18.51386031,42.37092524,17.28447441
352,-0.619884497,1.886651086,-3.858926074,19.08824199,10.65046824,51.8413173
353,2.555210753,-3.385055441,1.29358458,26.39816401,26.84926438,34.15619729
354,-0.343194743,-0.945441227,5.317426804,10.60708004,38.32371856,37.71899884
355,0.173845931,0.883773796,1.569155894,12.94331416,24.94245557,26.4090676
356,1.931268029,-5.050274383,0.88335214,26.02895851,31.68774739,7.876364431
357,0.772611779,0.726041923,-4.232424078,35.37441403,7.327278371,22.99668809
358,0.602900644,1.227560425,-3.440503188,29.61799417,13.96942805,35.45554623
359,-2.745639364,1.47284525,0.516323102,24.37395769,27.59068777,42.06256156
360,-3.832006326,3.815360365,-2.232367893,2.893599045,35.43478545,46.79670462
361,0.313758989,-1.14861381,0.41676304,32.83496818,9.850954157,55.6444876
362,3.524998085,-2.220434856,3.150252262,36.28618211,21.40734318,54.76801004
363,0.477816468,-2.721549252,2.189223981,46.98898307,33.30732712,52.63386398
364,4.182173292,3.915835872,0.644357612,35.33811983,34.89135242,4.872540129
365,-2.877464407,0.589744737,5.535002825,20.0467096,28.91691852,25.61366147
366,1.753003534,2.979817235,4.312930809,34.84755915,25.25070471,3.032583818
367,-8.795797724,4.20519177,-0.844866115,1.802426193,45.20575871,22.00419029
368,5.561686701,-0.959589422,1.15663696,8.74594625,33.62138151,3.197992038
369,-1.045510598,0.339326668,-1.719208759,13.90226971,42.2343767,35.09900045
370,0.660346307,-1.479696801,-1.062291259,13.30979677,33.12917408,13.74964767
371,-2.839256627,1.988948648,2.654801636,41.76183596,40.57757623,53.28024356
372,0.835987901,1.346877178,-0.014757131,53.96638711,20.77281081,54.26326951
373,-1.857120134,-4.203635075,2.588275017,43.52156868,39.42631614,20.37415632
374,1.507141529,-1.345620782,0.652022446,11.69220382,19.93299384,31.49524034
375,3.132227182,-4.112474599,-3.802015503,27.22671716,24.00396421,41.25095717
376,-1.876579659,-3.285483718,-0.14922497,26.98352616,16.332594,25.2241819
377,-4.035438602,1.854965598,0.858633683,17.39405856,0.374492681,30.44908578
378,3.046105803,-1.778361718,1.240383214,7.196901039,46.06198262,26.82983185
379,-3.700160847,0.747751242,-0.715233788,31.5063949,49.03824189,11.164137
380,4.692332337,-3.423658135,-2.336784051,32.29122749,25.65723359,17.93308392
381,-4.606028104,-3.01813738,3.670751552,9.511862909,13.20679916,16.09676895
382,2.042799306,-2.099368442,-0.86191115,28.46949517,18.35917773,32.41519344
383,-0.55817127,-0.726121358,-2.280928127,11.54141557,25.47074227,14.30366861
384,0.739326972,-3.717660333,-5.070293294,6.386215235,47.24550932,47.81746694
385,1.613349701,3.896824965,2.039321221,4.960315175,31.75171215,15.67385444
386,5.060135433,3.045079257,1.756465393,41.98574294,42.8899423,3.41556905
387,4.931755008,-3.513099662,3.702212533,2.524670517,48.32643038,49.62813751
388,3.189375722,-1.019788188,0.29163831,52.23969261,33.78565347,26.49018543
389,1.805525687,-0.213423698,2.66643364,4.505813523,32.10680806,36.61356433
390,-0.463095834,-0.421980879,1.022179186,13.56866037,39.01419206,22.33899525
391,-0.879421021,-4.30211039,2.878657484,16.73312862,32.08251005,43.1215043
392,-0.31070195,2.415092796,2.337146975,36.01398948,13.15466797,33.6881362
393,2.029107057,-1.298300054,2.885420587,37.1600285,37.03158583,14.32744138
394,-7.027106479,1.563482457,2.688954643,41.16322328,34.33144464,50.21991561
395,2.407723565,2.181319309,-0.657737616,12.25486965,22.59190901,42.07381096
396,1.123206694,-2.187909302,1.159638762,24.49728497,42.55859047,49.33907888
397,2.316288503,-3.231553202,-0.355329094,16.87066381,1.9524082,10.29963479
398,-0.263081921,1.405735914,4.149285457,6.967425675,30.48725462,50.29226242
399,0.434684911,-0.862082393,3.274842922,11.80556721,5.053840597,15.91771168
400,0.832374529,4.738772261,2.021171492,51.25627178,10.86075172,30.66369657
401,-1.267341308,-0.734019147,-2.644984472,20.6192168,17.27563739,18.58580114
402,-0.838925611,-1.885487174,-0.265677654,53.80311452,21.41707079,14.5405561
403,4.03627819,-4.501088691,-0.320092284,12.4092034,52.16932565,39.58088976
404,3.486457078,0.12156541,-1.300973131,49.98290546,19.39711453,45.66373627
405,-1.332868676,0.504071052,3.998669708,16.58789036,1.718124436,5.89514626
406,-3.941764365,2.670092148,2.247860525,20.8798104,9.727981675,20.86037108
407,-4.835578812,1.074972544,-2.538175147,41.26671723,16.6126915,39.93441
408,4.136405457,-1.860793346,1.944952518,34.60994001,29.37239851,20.54676416
409,0.735390606,-3.924809678,-0.332278455,51.16578108,33.3715706,44.23963055
410,-2.000217503,-1.40367404,-0.845827806,12.92795703,20.58573097,53.847947
411,2.978354865,0.901813155,-0.690769412,45.39518689,29.44367906,27.87276081
412,-1.67414975,3.818808777,4.940003697,32.13606196,31.53884646,46.10785023
413,1.995062203,4.190152521,0.354418793,54.25722095,9.089322785,35.90845057
414,2.106552227,0.705111302,-1.871648312,38.29852329,24.59346062,3.661673289
415,-2.653302446,2.506839903,2.133732681,46.43711122,1.205640409,22.46607275
416,1.116687498,-2.326318766,-1.265983307,13.59799124,29.61733984,29.43174828
417,-2.218850656,0.71209542,2.219505695,43.88715017,16.09593479,31.75205862
418,-3.581906381,-4.482117332,-2.912399718,15.96198686,34.52061341,51.4477085
419,-2.896385459,3.797722953,2.135580479,14.13858857,18.09203644,14.61579215
420,-4.352567844,-1.911146108,-0.419535683,23.83767997,35.26728656,15.67962399
421,-2.844259635,-2.603300621,-0.7903786,26.38909068,16.53699,4.633661229
422,-0.82679378,0.368224104,-3.387394547,35.2414362,35.1869624,40.67907285
423,3.113891453,-0.185426313,-2.631191078,46.53314047,49.46146855,22.30412694
424,2.925692752,-1.397929934,2.346516303,53.40552271,42.12444513,26.84086867
425,3.103753022,-1.751186764,-2.0044773,38.15258261,39.79584558,51.91793411
426,-0.743963208,-0.479186827,-1.660878234,30.99527523,36.98665278,5.429100959
427,-1.57287903,-0.755441862,-0.494427516,11.26730816,16.76497073,16.48828704
428,3.448543058,-5.645048847,-4.379008719,28.95829889,0.051346627,37.78530848
429,-3.162592032,0.930238881,-0.642456431,27.13856217,18.70231062,35.32881526
430,-1.428909103,0.972664228,-3.096193904,30.0690563,14.49947567,26.71141327
431,-0.160574922,3.92872638,2.982951765,28.50431512,24.42311639,33.78597495
432,0.306370635,0.077513719,1.317066593,13.87539825,6.362656263,51.81460572
433,-1.101079495,3.421448107,2.545134439,28.70436289,3.982756439,26.84666104
434,1.969861675,3.922493625,2.495334259,37.06738508,17.71542647,43.71035739
435,-0.464403355,-0.12610375,2.879990817,4.933102028,27.56904394,10.82370482
436,0.237788476,-1.667144828,4.740599957,27.26153099,10.51056047,54.49658756
437,7.507607362,-1.329324255,0.512787444,51.73003099,26.56327728,22.09708541
438,1.925492511,-6.053156554,-3.233998236,32.83505927,44.85228472,43.41181381
439,-6.707312921,2.712334913,-0.080326679,20.11812085,20.06567895,24.41899949
440,3.305735492,2.488749881,-2.62430263,10.75004959,35.41812489,4.627826996
441,-2.942084187,2.116755182,1.029136678,46.83140648,13.38775551,55.23395842
442,1.786988172,-0.306870419,-1.076344576,55.6669264,30.68227878,27.8245669
443,2.326989196,-3.432868451,0.565538099,33.41582232,23.03111507,29.51200726
444,0.985341508,3.896802525,-3.890053459,14.65899645,25.08016474,52.53792074
445,0.228798359,3.684880915,-1.326183785,42.25989377,52.26390563,35.06825726
446,2.022403363,0.525775018,0.911564545,47.92493882,18.69671084,14.57349749
447,-0.986571342,-0.361451439,-3.321360663,48.76694297,34.00543581,4.226347218
448,-0.641821061,-1.650002764,-0.41720771,39.45714206,46.60819075,29.75532844
449,0.098403125,-0.83627443,-5.823853937,24.48878371,15.8282099,43.56086097
450,3.68357124,-3.194712129,-1.181746424,20.23716375,47.486253,38.56917041
451,0.318866068,3.438934065,-0.31282684,29.03378114,31.09787551,6.281880402
452,-3.520564514,-3.409820316,3.449904335,53.40974997,51.69031362,45.92275455
453,0.450050078,0.726883151,-4.185596176,23.47816288,50.52578484,29.98931187
454,-4.39227883,-3.409682901,3.761321921,42.05583272,51.24506583,28.85931783
455,0.225337897,-1.132337999,4.411238289,16.70635293,19.74846684,24.34957861
456,-2.691311513,-2.360594744,3.327081964,40.8199593,16.74959082,45.61682511
457,-0.409961837,1.451629896,2.680841313,37.48573577,1.372375649,47.16586801
458,1.257698382,-0.902220507,-3.091987455,2.532774562,10.82888275,54.31436444
459,-1.552372299,0.471693289,-0.13593067,43.99161032,25.45783809,32.1801158
460,-1.0020185,0.636181745,1.693444329,2.89867248,30.55319635,26.07328018
461,-1.597003625,-1.847619631,0.298002885,47.87281841,38.58822568,2.791815209
462,1.119433081,0.292988354,-2.147624135,15.33592676,13.9391088,38.55757295
463,-2.173528335,-2.863321063,-0.992290902,24.5552772,51.47649257,23.67920779
464,1.318525561,1.652865696,-1.727560513,7.582988319,28.05035409,26.36519823
465,-2.928985176,-0.944816055,2.33489271,30.82782489,26.86021897,6.063416664
466,-0.781648265,2.317753069,-1.472012993,47.85513005,17.32456634,17.99605179
467,2.561847036,-0.512959518,1.502134527,0.132181391,3.949147071,0.505249266
468,4.113313918,0.453821233,0.775924282,32.6963515,39.83185238,11.3931181
469,-2.970285172,-1.590098079,-0.563226109,35.50950564,27.91419381,27.94933738
470,0.45799057,-2.37073685,1.762874431,43.17621955,2.775207875,44.63462598
471,0.747328152,-2.303461355,1.030225838,3.391928738,37.88277668,41.88588186
472,-0.71088703,6.124052826,-4.783183524,30.36045002,52.94982678,5.791257199
473,-6.335773587,6.762312855,-1.767870217,34.01810643,51.13908825,41.36631241
474,1.648349455,-1.627119295,-3.150808412,6.309943618,55.45540995,52.11622842
475,8.58061472,-1.385051247,-1.560061395,1.074598733,26.28504951,32.03204074
476,0.054379328,3.56941578,3.776105703,13.73080148,41.54780837,19.86845687
477,0.577904915,7.064542184,2.867288687,38.11861141,15.13275399,18.36230687
478,1.406331255,1.284341954,-0.808453947,21.71935169,52.2721142,44.59680278
479,-2.504200931,1.281660789,1.385472661,13.76616076,42.56999902,22.90509378
480,-3.046339056,-3.793820779,-6.825317635,2.087934464,0.890834192,25.34928054
481,-4.648593546,0.227572986,-2.098852599,49.05298492,47.02122367,54.86434085
482,-0.107968603,1.634078807,-3.052763621,11.86119051,46.64903313,36.94855087
483,1.171909365,2.566094874,-1.097137213,26.15179504,10.53647783,31.31189283
484,-2.384946394,-2.45837953,3.887961831,31.39058803,41.52079304,38.50054302
485,-2.237318027,6.326753864,0.325686037,10.99898279,34.26246024,7.07015575
486,3.538447389,5.083738042,0.476687791,24.18751069,18.60203866,51.64823184
487,-3.725009317,1.897610943,-1.941776117,11.8579398,36.58012199,13.46895147
488,-0.955048283,-6.876509124,-2.45340965,0.422402732,2.18299951,15.15120365
489,0.269402218,-0.919952865,1.879346536,20.49562198,6.91153003,48.66711821
490,-1.042079145,1.025614648,-0.7774671,31.70515956,0.705447643,49.6083093
491,-9.46012595,-1.01333342,-2.242087485,55.33919848,23.6974517,12.33744814
492,-1.707049493,0.006150598,-6.34907425,27.34721758,25.83550768,51.24991982
493,1.189587679,-2.595565617,0.448663428,18.64035665,9.350418148,10.55199115
494,2.893821649,-3.9071024,0.963891039,21.50410414,41.97953142,22.32951075
495,7.082988432,-1.919203914,-1.848765898,46.58795042,7.334977344,17.21652263
496,-0.799604429,3.898501762,9.508699007,7.064176437,48.33071228,43.10520951
497,-0.108594611,-0.035476022,-2.654751057,51.2717111,19.39687061,9.221895428
498,2.724393025,1.036501553,1.068694265,0.50320461,25.87814834,51.54364724
499,-6.13799684,0.250650255,2.151829393,42.91140625,25.31311476,17.3310813
500,-1.512826861,-0.405559116,0.340320148,15.57263319,19.14480979,44.0932379
501,2.135091404,2.875155716,2.286911479,50.4657802,33.25572569,14.4758408
502,4.726279862,0.296573017,1.617813298,51.92108575,19.4573491,39.48739351
503,-2.415583872,1.378450694,3.715635317,10.34447926,11.17937812,54.67094403
504,0.335378373,-4.572615182,1.000957094,27.64719167,19.74967619,47.9863697
505,0.347028312,-0.634759559,-2.214857872,18.57959445,48.57832874,42.47709224
506,-1.460913002,0.490761569,-3.409434098,24.70218972,48.75313003,54.9091244
507,-0.852638896,-0.079367827,3.117871846,3.076265434,5.245950261,24.77883833
508,0.177777173,-0.317118088,1.151720385,14.26052012,12.95769224,48.14352679
509,0.267853711,-2.701211233,-2.056179432,12.14333909,41.35629669,3.481097888
510,1.056342767,-5.995819348,3.736935797,4.622652737,47.62649076,1.897380485
511,2.198060428,1.830589848,1.52424486,46.02854388,20.28765869,25.96687056
512,0.781230454,-6.209015025,-1.579800118,40.51593587,32.87372378,20.48536503
513,3.252987946,-1.528418911,-0.9143359,34.84753914,26.33042093,54.45375036
514,-1.368174439,-1.97407274,0.120034044,28.6597112,55.1748511,46.62983148
515,-3.875797853,2.810274283,5.775458557,19.95207354,3.24229703,54.02689166
516,-1.939862205,-0.787102963,2.197580847,42.97291912,37.12154357,55.08061419
517,-0.842074719,4.211769343,-3.693386859,20.37848477,19.47189728,47.36303346
518,3.188784129,1.654452265,0.427170822,9.2682691,9.621699062,7.2333037
519,-3.071148465,-1.306436441,2.73519515,16.74139789,5.867576918,54.43617505
520,4.314598211,-3.197254715,1.28312058,4.437431411,28.33538846,29.67748741
521,4.289977157,1.21147008,-1.437272008,2.499667013,27.51175084,6.923669356
522,1.762615176,0.914787014,1.013936557,4.868008607,29.47436082,52.96510975
523,2.846294164,3.263388866,-0.586146836,1.724673937,46.30765182,27.18302596
524,0.234585713,0.065576964,3.287607298,43.39550716,1.92410448,13.09969075
525,-0.203131814,-1.111974614,-4.226118764,5.668535014,46.34265283,39.8043059
526,-1.109038511,1.621269321,0.834623473,15.19717558,28.92867487,16.26260087
527,0.051855696,-1.676514371,5.380485712,49.83048911,22.8940372,21.26547564
528,-3.717981159,-1.791134126,1.099558416,36.42016248,6.096896886,39.48934204
529,1.56651527,-4.155619489,4.356618705,51.81086587,42.78860657,18.90712513
530,-3.309776763,-1.449729492,4.181289282,48.4701911,50.94983936,18.98089291
531,-4.74980574,0.814197205,-3.307412676,51.08206856,22.45500227,49.02884753
532,3.618540466,-0.882219607,-2.790262066,22.3930379,29.78998643,33.82580535
533,-2.773095273,2.001059451,4.208092584,47.69692697,37.8304657,26.13204293
534,-4.971937301,1.651830723,-3.267698021,20.12823241,52.45096913,17.47437985
535,-3.864027662,4.00061387,-5.501690615,18.28746781,0.224108196,54.26718623
536,2.318779971,5.56859677,-0.937369221,35.121643,35.09118821,1.254443697
537,1.352523672,1.673981128,0.32859833,22.32734428,45.91133309,16.07327308
538,0.656623291,0.422672632,-3.174235417,37.23569604,4.808049122,18.52739224
539,2.15417047,-2.293238998,-1.865536739,43.20328985,47.68887222,19.14761663
540,-7.044300647,-1.368766449,-1.578273954,50.62140771,10.75189006,18.88770846
541,-5.073041449,-1.265641915,4.661004095,14.03399659,9.38555317,1.320679432
542,-2.102299824,-3.763538172,-1.022852332,33.42608228,19.79626565,9.037789057
543,-4.617053168,-1.933675571,3.247671109,45.59990953,24.77584974,4.031941603
544,-6.913811436,6.261658118,-0.18834382,35.57217949,47.32663475,40.18435555
545,-2.330208601,3.432606899,5.346772703,4.656606485,26.23750239,19.48075451
546,-1.403980944,-1.082786458,1.872581767,31.73299715,16.68859769,6.388288394
547,-5.044793124,5.411465613,3.56019035,32.35969031,0.198772731,38.09046505
548,1.868398443,0.268784239,7.999402017,53.42863439,30.02620699,18.48508387
549,-2.00835944,-2.02549388,-4.084784628,35.90862601,28.98384877,17.64130991
550,4.682735761,-0.181558297,2.84051587,12.39521761,52.96576391,14.93326855
551,-1.040225816,1.339286205,1.165745127,45.53850103,44.380269,30.79003737
552,2.018586752,-0.390819469,2.383744037,19.51941624,6.081023267,31.57943235
553,-2.624298613,-6.521799625,-0.994399183,17.02031786,47.18487411,47.53914462
554,1.343033574,0.347884852,1.560165285,23.98615162,54.29712453,38.74845652
555,1.891783354,1.916300422,1.146532452,27.79455372,36.5831233,19.62770555
556,2.995804304,3.527268171,-0.172702431,51.85053586,8.381435254,22.230393
557,0.240731528,0.558756417,3.573445956,14.76883951,0.890133838,32.11681457
558,-3.229810442,-2.868729806,1.039911654,54.63574168,20.04257282,21.5032028
559,3.985480347,1.205308354,-0.164499277,40.21174702,15.66802053,27.00212332
560,-3.346181403,-5.083049743,0.843603442,6.767442237,16.18211987,6.929293119
561,1.146609606,2.943434725,-3.621112787,32.07690463,52.69546089,18.31223983
562,0.632903754,-1.770638119,2.460811265,35.45803736,49.37892163,15.11823683
563,5.765053564,2.459803707,1.170065798,12.4578148,36.89083692,27.61171553
564,0.531404375,3.313468845,-3.479553941,16.65736116,17.12562744,47.21754714
565,-1.73869087,-2.19290472,-3.163554961,3.622185903,0.482987648,10.60458108
566,0.693131675,0.542177214,2.371633615,13.06019949,24.53333256,29.59729326
567,0.509520782,-7.721222704,3.3953157,4.827219484,24.71236415,33.83634284
568,-0.203433044,0.064711281,2.874551918,8.535208482,23.56360413,5.354918442
569,-1.80072368,0.247557518,2.37329903,45.96366339,42.31728237,28.10331668
570,-0.153199993,1.427763432,-1.66266291,39.52082454,45.29031555,8.456654647
571,-1.285909125,-0.311366993,-6.411662964,48.45958887,37.51438184,37.72128067
572,1.332854618,-0.151595486,-0.029864082,45.24794033,1.873205291,38.18522295
573,4.296441373,-1.331971446,-0.629062161,44.62550076,22.86706609,28.7758329
574,-4.494810183,2.52540967,5.809397238,42.02784781,7.235358917,2.050616108
575,0.11266131,-0.881693699,-1.506283565,49.11938353,21.66323799,40.92990339
576,-1.61528156,1.328603557,-0.423712976,27.25729201,51.12073598,0.95264544
577,-0.118896188,-5.102642378,4.35267822,32.57038888,48.52901853,3.564941968
578,-0.022352026,-3.379748104,1.958172224,19.11301298,28.05874602,55.49817844
579,-0.318267187,6.08643556,-3.084611414,39.96612934,38.99964793,12.41671133
580,-2.307990091,-0.765018608,-1.427836232,8.117221573,6.333392458,1.913537786
581,2.772371009,-2.893807937,-0.522384185,55.90940463,21.36522215,3.865621932
582,0.392884931,0.871115795,1.930096331,20.03451775,32.93259436,50.19638049
583,6.424242831,-0.435126172,-1.088159151,30.58896832,25.43527408,14.53063415
584,7.225547726,-4.976316273,-4.275728594,22.47545542,39.39635497,11.60991869
585,3.616272426,1.390758074,3.802843555,54.01564087,5.543951985,37.29524322
586,-1.910745738,1.707078186,-0.281088239,53.08329789,43.35320269,13.97045392
587,4.041146561,0.002994164,-0.449288408,13.50786633,32.67150591,46.36883206
588,0.370886306,-4.334002782,-0.595323038,43.13037003,13.05804169,9.038420969
589,-0.172810221,-3.895666516,-3.812498782,22.25708311,50.27822103,51.57380076
590,3.137159818,0.236723581,3.033754418,18.08033462,13.61975661,19.79105461
591,-0.170530758,1.37020402,-5.523500551,1.610500264,3.894400661,34.31224019
592,-6.935384217,0.688113004,2.105114642,37.30303381,24.93269558,13.264797
593,-9.509572019,1.437711202,-3.998536143,0.990697128,26.42706785,47.05172198
594,0.203262629,-0.277024342,-4.118330925,53.93127424,18.38706721,34.46853613
595,0.059795783,1.528618632,0.153441963,7.159012416,17.55851865,11.29205736
596,-1.209612055,-1.570153608,1.430158166,2.319517909,36.50911905,34.42891236
597,-0.253785003,-0.494681469,1.179846328,35.0169871,29.70797966,38.49673187
598,-4.275894954,1.441107519,-1.281214381,38.0279545,13.34954243,21.82394522
599,-3.04486328,0.135454349,-1.032240782,20.37596665,26.23720007,20.05543999
600,-0.185453438,-1.747846483,-3.085578843,49.49344403,31.26205002,38.50599094
601,3.564907174,-0.858440179,1.62496161,31.97343763,12.3979169,54.40096193
602,-2.114303534,3.424714682,-0.208819582,5.544440303,26.20342595,5.951152062
603,-2.993325859,3.331476076,0.124121818,25.21242077,26.09798659,4.766283456
604,-5.606804418,4.963410063,-1.253105375,32.43412459,37.70063846,2.477022958
605,1.370474686,-1.004122799,0.574217022,5.691279395,39.86913735,7.741208321
606,3.437029062,-2.803143677,0.582185506,20.36123706,22.86364494,53.41015897
607,3.66830787,4.314096164,1.081837273,8.871427921,31.14902844,21.48307064
608,1.629286099,2.133473911,-6.413296186,45.69140103,34.77409802,41.10486515
609,-0.100941414,-4.45863507,-1.891884546,26.97926212,32.26014772,31.65799361
610,-0.577783684,-2.079899482,-4.784538053,28.28422044,45.11120355,30.02879942
611,2.807038263,3.591889749,3.400550119,13.55467964,46.4686639,44.09549421
612,-0.112031806,-2.876336703,0.705199479,34.40403295,36.588107,24.58851159
613,0.810310096,3.296059689,5.158022674,31.26374263,8.142999239,36.29090611
614,0.926512823,-2.791286897,-1.516954176,14.04371741,55.02207155,18.09118528
615,-0.540280887,-6.067339384,-1.187084197,52.56635131,50.50592721,53.29860997
616,5.482581304,-4.760020653,5.276220095,49.19201011,40.93654259,47.81660545
617,3.537060313,-0.066744714,-4.695143952,14.74652837,23.12283157,9.83684771
618,-3.071016243,2.715259174,-3.054922234,3.228616039,16.548262,22.42758611
619,1.18759848,-0.871259775,0.611514074,0.490395342,49.45005704,14.60207452
620,4.690181196,2.288910062,0.86927419,4.754413042,39.13029375,47.18963896
621,0.390379627,0.22482345,3.070228561,46.4092881,14.73724873,40.56882993
622,-3.159453487,1.584538197,-1.48850302,28.31616553,14.54460785,32.22749907
623,1.534195572,-0.415503756,2.130682676,49.38717676,29.0820832,48.67867289
624,0.680835037,2.490798367,-3.090462314,43.18780757,36.69457675,45.71452846
625,1.90597957,3.173617333,1.892086765,20.84182561,2.571799653,24.22238663
626,-3.394975103,0.164786694,5.623352934,34.16082291,30.19108117,53.92918212
627,-0.914975398,0.610900463,0.715571688,49.86212594,0.35233725,11.32877992
628,-1.519652338,-4.392215836,7.68005942,47.30407332,8.07008572,54.52492786
629,0.594271332,-3.763655154,-0.169763918,28.97841058,20.18877402,23.14523854
630,4.071977542,-4.393843913,1.912614572,50.96533461,35.77355813,40.52942375
631,-2.151937325,-1.065208613,3.60537417,24.73052338,28.94769614,11.78242092
632,2.376426084,-0.102980383,3.104716242,31.59161416,27.32631789,11.72506779
633,0.641358643,-1.235557997,0.396453718,37.63263948,8.343309946,10.70871409
634,1.179289026,0.05093453,3.427181574,8.341781069,21.70195339,22.31433697
635,-0.040984116,-0.902178004,-0.62612011,13.185274,50.69490672,30.06703665
636,-5.655834363,5.262419513,1.421470402,46.4020687,12.00582783,38.22226968
637,2.125508942,1.183473957,-1.862154496,0.441818296,7.997364465,13.73734961
638,5.608065888,0.048815819,1.223243141,30.32000175,21.39947085,4.235941021
639,-3.786091157,7.02288048,-1.67333636,53.39858398,16.0159331,37.99378709
640,0.094668176,-3.681038899,-2.684360146,25.37354239,30.53150468,0.569750537
641,1.941990667,-0.134690178,-2.92798302,30.92092468,36.90413552,15.22395848
642,-2.880456908,-1.697888135,-4.486004584,14.56688197,5.033711814,31.94454547
643,4.024146831,1.229747042,1.382385341,2.084832943,29.37033928,15.61256806
644,-2.681918353,5.944275756,2.503338625,48.45921279,44.02894529,30.90122857
645,1.926657725,2.65355006,0.958225172,17.54602046,39.94561819,45.01803313
646,2.67852478,4.962214912,-1.861032992,55.03683541,10.62836322,7.768223029
647,4.14654889,3.135874273,3.86720142,16.89489909,47.13033305,33.0638253
648,7.017618045,-0.674530321,7.25660682,10.5869317,19.30784294,39.92265853
649,-1.634676682,2.274170118,-2.157763104,29.83398865,21.07465485,38.0836173
650,2.310078054,3.993236396,-5.387773532,32.59830747,18.09990204,36.74185773
651,-0.921333655,4.440460657,-3.586437773,4.551272935,37.11907301,53.85995408
652,2.564534532,-0.755659431,-0.714014051,2.714856118,21.99562269,16.08852553
653,6.406168114,-1.80695783,0.134000486,14.29714539,4.089299928,40.21268516
654,1.696971475,-2.068936152,-3.943992617,48.15858325,29.00549009,3.66658293
655,-5.90793648,-1.496878958,0.570925304,41.46247206,18.99659389,39.56701918
656,-0.479746823,1.799949446,0.891572363,17.5697644,1.690670024,17.93050977
657,-0.370818346,-6.47605013,0.571427725,31.89057351,5.68112523,49.15434706
658,-0.128909643,-1.620668843,-4.424472066,0.151405516,0.493425559,20.51283727
659,-0.270458617,1.556292701,-3.104451131,30.69283608,19.80104779,45.55575609
660,1.309852151,3.738719008,-3.275737248,24.95715022,25.69321069,37.62478777
661,-9.648353375,2.321230438,-0.345155523,18.41140217,54.47183579,46.07980067
662,3.008529139,-2.76087481,1.408195134,40.00438562,43.85340306,50.03557055
663,1.329139122,2.420173771,0.140102811,17.66286674,22.63065182,15.66030804
664,1.622625202,0.80042496,-0.362431956,23.39763147,17.12796375,27.26612846
665,4.880487405,-3.540187451,2.761989918,29.95052621,10.8202844,4.902903636
666,1.540654813,3.246063869,-2.953867481,18.10169985,21.78749474,38.4956333
667,0.601461532,-1.380120455,3.031140325,6.678066308,36.94415782,3.304092959
668,4.934454385,-1.316037642,0.635818006,4.743501295,48.16188912,23.76868431
669,6.492024465,-5.603335181,-7.012965085,42.45345445,12.77066722,0.264377527
670,1.724846006,-5.258595673,-0.842333042,11.4568226,13.75040124,10.94774283
671,0.923759391,0.009250173,1.335835242,21.20863048,40.22287784,29.71175765
672,2.666963534,0.804123109,-3.659862692,14.34348752,34.49638982,19.03300477
673,-0.450607914,0.577814062,1.220310476,25.68129797,40.05265223,53.88860947
674,-3.237558142,0.864311147,3.120631156,41.84966815,47.02003507,12.89247189
675,4.166087895,2.384162459,-2.825500618,10.56368785,3.881129179,45.45117271
676,3.284032109,5.718118472,-1.491317402,29.55742002,32.55582692,13.367879
677,2.450615852,0.70512197,5.118487194,42.87134346,21.30717182,5.591864874
678,3.421325832,2.790718117,0.516461286,31.58630163,1.079089248,35.63547397
679,-1.820537016,-1.97417548,-3.435238733,55.54587643,13.39642488,51.37740249
680,0.098847279,2.91999842,2.874880931,4.471994241,9.338372567,5.858618663
681,1.610420982,4.054247952,0.095036434,2.60779542,17.8877804,42.58097629
682,2.261707443,-1.595363997,-5.624215948,45.79420095,45.81360411,33.8146895
683,-0.603207226,3.631469846,-2.875864035,43.30699119,6.17809152,19.58210013
684,-1.716401668,1.414749809,-1.862163852,24.92329195,5.591271029,7.619508767
685,2.733560263,-0.377524821,-8.383540555,17.92171455,15.57668091,0.724764907
686,-3.114886827,4.787631966,-0.329173321,40.89366839,46.39016167,40.66020824
